0,0,0,0.0006
0.0005,0.045,4.1073,0.0031
0.0013,0.0876,4.4672,0.008
0.0027,0.1409,5.6043,0.016
0.0047,0.1965,5.4276,0.0282
0.0072,0.2552,5.8925,0.0448
0.0103,0.3115,5.748,0.065
0.014,0.3676,5.5179,0.0895
0.0183,0.426,5.8504,0.1183
0.023,0.4826,5.7284,0.1506
0.0285,0.5386,5.5371,0.1872
0.0345,0.597,5.8262,0.228
0.041,0.6537,5.7096,0.2724
0.0481,0.7096,5.5382,0.321
0.0557,0.7682,5.9718,0.3731
0.064,0.8218,5.2733,0.4293
0.0728,0.8818,6.0515,0.4896
0.0822,0.9363,5.4175,0.5533
0.0921,0.994,5.7722,0.6211
0.1026,1.0504,5.6582,0.6922
0.1135,1.1064,5.6488,0.7668
0.1252,1.1616,5.5006,0.8452
0.1374,1.219,5.7366,0.9275
0.1501,1.2751,5.623,1.0131
0.1635,1.3303,5.4804,1.1025
0.1773,1.3882,5.8422,1.1951
0.1917,1.4419,5.3584,1.2908
0.2067,1.4987,5.6853,1.3901
0.2222,1.5543,5.5723,1.4925
0.2384,1.609,5.436,1.5985
0.255,1.6665,5.7784,1.7074
0.2722,1.7198,5.3143,1.8192
0.29,1.7761,5.6271,1.9345
0.3083,1.8313,5.5156,2.0525
0.3272,1.8863,5.5033,2.1733
0.3466,1.9411,5.491,2.2968
0.3665,1.9958,5.4784,2.4229
0.3869,2.0503,5.4658,2.5516
0.4081,2.104,5.3386,2.6834
0.4296,2.1603,5.652,2.8176
0.4518,2.2127,5.219,2.9543
0.4744,2.2687,5.6224,3.0933
0.4977,2.3209,5.1958,3.2346
0.5214,2.3767,5.5923,3.3782
0.5457,2.4293,5.2799,3.5234
0.5706,2.4821,5.2531,3.6713
0.5959,2.5374,5.5463,3.8212
0.6218,2.5898,5.2414,3.9726
0.6482,2.6429,5.3194,4.126
0.6752,2.696,5.3057,4.2812
0.7027,2.749,5.2921,4.4383
0.7307,2.8018,5.2784,4.597
0.7592,2.8553,5.3663,4.757
0.7884,2.9061,5.0644,4.9187
0.8179,2.9603,5.4229,5.0818
0.8481,3.0117,5.1379,5.2461
0.8787,3.0639,5.2102,5.4117
0.9098,3.1167,5.2933,5.5783
0.9415,3.1676,5.0994,5.7457
0.9737,3.2193,5.17,5.9144
1.0065,3.271,5.1569,6.0842
1.0396,3.3233,5.2363,6.2548
1.0734,3.3738,5.0502,6.426
1.1077,3.4251,5.118,6.5982
1.1424,3.477,5.1948,6.7709
1.1777,3.5272,5.0145,6.944
1.2135,3.5788,5.168,7.1176
1.2497,3.6287,4.9913,7.2916
1.2864,3.68,5.1418,7.4658
1.3239,3.729,4.8854,7.6407
1.3616,3.7816,5.2745,7.8158
1.3999,3.8304,4.8734,7.9907
1.4388,3.8805,5.0095,8.166
1.4781,3.9313,5.0791,8.3414
1.5178,3.9812,4.9962,8.5164
1.5581,4.0303,4.9061,8.6913
1.5989,4.0806,5.044,8.8662
1.6402,4.1296,4.8869,9.0409
1.682,4.1798,5.0215,9.2154
1.7244,4.2286,4.8686,9.3896
1.7672,4.2786,4.9998,9.5636
1.8105,4.3278,4.9241,9.7369
1.8542,4.3769,4.9147,9.9095
1.8985,4.4253,4.8338,10.0816
1.9432,4.4748,4.9594,10.2533
1.9884,4.5237,4.8877,10.4242
2.0342,4.5719,4.8103,10.5945
2.0803,4.6217,5,10.7639
2.127,4.6691,4.7353,10.9324
2.1743,4.7177,4.8474,11.1006
2.2219,4.7673,4.9708,11.2677
2.2701,4.8146,4.7176,11.4339
2.3186,4.864,4.9529,11.5989
2.3678,4.911,4.7062,11.7628
2.4173,4.9598,4.8731,11.926
2.4674,5.0079,4.8114,12.0879
2.5181,5.0554,4.7448,12.249
2.5691,5.1045,4.9108,12.4088
2.6205,5.1518,4.7404,12.5672
2.6726,5.1992,4.7288,12.7245
2.725,5.248,4.8883,12.8806
2.778,5.2948,4.6695,13.0353
2.8315,5.343,4.8184,13.189
2.8853,5.3911,4.8192,13.341
2.9397,5.4377,4.6584,13.4916
2.9947,5.4858,4.8008,13.6411
3.0499,5.5337,4.802,13.7889
3.1057,5.5802,4.6487,13.9353
3.1619,5.6285,4.8356,14.0802
3.2187,5.675,4.6429,14.2236
3.276,5.7228,4.7747,14.3657
3.3336,5.7705,4.7763,14.506
3.3919,5.8169,4.6353,14.6448
3.4505,5.8649,4.8075,14.782
3.5095,5.9116,4.6764,14.9174
3.5693,5.9584,4.6679,15.0515
3.6293,6.0063,4.7922,15.1839
3.6898,6.053,4.6681,15.3144
3.7508,6.1,4.7026,15.4433
3.8123,6.147,4.6994,15.5705
3.8741,6.1943,4.738,15.6958
3.9366,6.2405,4.6176,15.8194
3.9994,6.2881,4.7648,15.9413
4.0628,6.3343,4.6147,16.0614
4.1266,6.3819,4.7562,16.1798
4.1909,6.4283,4.6496,16.2962
4.2556,6.4751,4.6792,16.4109
4.3209,6.5219,4.6765,16.5237
4.3866,6.5687,4.6739,16.6347
4.4527,6.6157,4.7066,16.7437
4.5194,6.6618,4.6056,16.8509
4.5864,6.7091,4.7284,16.9562
4.6539,6.7554,4.6362,17.0595
4.7219,6.802,4.6614,17.1609
4.7905,6.8486,4.659,17.2604
4.8595,6.8952,4.6566,17.358
4.9288,6.942,4.6846,17.4535
4.9988,6.988,4.5976,17.547
5.069,7.035,4.7023,17.6386
5.1398,7.0812,4.6237,17.728
5.2111,7.1277,4.6445,17.8155
5.2828,7.1741,4.642,17.9009
5.3551,7.2205,4.6395,17.9843
5.4278,7.2669,4.637,18.0657
5.5009,7.3135,4.6597,18.1449
5.5746,7.3594,4.5879,18.222
5.6486,7.4061,4.6721,18.297
5.723,7.4521,4.6082,18.3697
5.798,7.4984,4.6238,18.4404
5.8734,7.5446,4.621,18.5089
5.9494,7.5908,4.6182,18.5752
6.0258,7.6369,4.6152,18.6394
6.1026,7.6831,4.6122,18.7013
6.18,7.7292,4.6091,18.761
6.2576,7.7754,4.6249,18.8184
6.3359,7.8211,4.5707,18.8735
6.4146,7.8673,4.6121,18.9264
6.4937,7.9134,4.6128,18.9769
6.5733,7.959,4.5638,19.0251
6.6533,8.0051,4.6154,19.0709
6.7339,8.0508,4.5586,19.1143
6.8145,8.0716,2.0831,19.1553
6.8952,8.0669,-0.4635,19.1937
6.9759,8.0624,-0.4593,19.2294
7.0565,8.0579,-0.4487,19.2626
7.137,8.0533,-0.4593,19.2931
7.2174,8.0488,-0.4426,19.3211
7.2979,8.0443,-0.4515,19.3465
7.3783,8.0399,-0.4419,19.3694
7.4587,8.0355,-0.4391,19.3897
7.539,8.0312,-0.4334,19.4076
7.6193,8.0268,-0.4386,19.4229
7.6995,8.0225,-0.4322,19.4358
7.7796,8.0182,-0.4287,19.4462
7.8598,8.0139,-0.4324,19.4542
7.9399,8.0096,-0.4246,19.4597
8.0199,8.0053,-0.4276,19.4628
8.0999,8.0011,-0.425,19.4634
8.1799,7.9969,-0.4241,19.4616
8.2599,7.9926,-0.4235,19.4574
8.3396,7.9884,-0.4253,19.4507
8.4196,7.9842,-0.419,19.4416
8.4994,7.9799,-0.4246,19.4301
8.5791,7.9757,-0.427,19.4162
8.6589,7.9715,-0.4164,19.3999
8.7384,7.9672,-0.4324,19.3811
8.8181,7.963,-0.4156,19.3599
8.8978,7.9587,-0.4303,19.3362
8.9773,7.9544,-0.4272,19.3101
9.0569,7.9502,-0.4286,19.2815
9.1363,7.9459,-0.4302,19.2505
9.2157,7.9415,-0.4321,19.217
9.295,7.9372,-0.4341,19.1811
9.3742,7.9328,-0.4364,19.1426
9.4536,7.9285,-0.429,19.1016
9.5329,7.924,-0.4503,19.0581
9.612,7.9196,-0.4445,19.012
9.6911,7.9151,-0.4476,18.9635
9.7703,7.91,-0.5088,18.9123
9.849,7.8728,-3.723,18.8586
9.9271,7.8189,-5.3926,18.8026
10.0048,7.765,-5.3881,18.7444
10.0819,7.7112,-5.3837,18.684
10.1586,7.6573,-5.3794,18.6213
10.2347,7.6035,-5.3752,18.5565
10.3101,7.5497,-5.394,18.4896
10.3851,7.4963,-5.3288,18.4206
10.4595,7.4423,-5.403,18.3496
10.5333,7.389,-5.3433,18.2765
10.6068,7.3355,-5.3306,18.2013
10.6796,7.2816,-5.3953,18.124
10.7518,7.2283,-5.3307,18.0449
10.8235,7.1749,-5.3451,17.9637
10.8947,7.1215,-5.3416,17.8806
10.9656,7.0683,-5.31,17.7955
11.0357,7.0145,-5.384,17.7084
11.1053,6.9614,-5.3107,17.6195
11.1743,6.9081,-5.3282,17.5288
11.2429,6.8549,-5.325,17.4362
11.3109,6.8017,-5.3217,17.3417
11.3783,6.7485,-5.3185,17.2455
11.4453,6.6954,-5.3153,17.1474
11.5118,6.6425,-5.2788,17.0474
11.5777,6.5888,-5.3678,16.9457
11.643,6.5361,-5.2801,16.8423
11.7078,6.4831,-5.3025,16.7373
11.7721,6.4301,-5.2992,16.6305
11.836,6.3774,-5.2594,16.5219
11.8992,6.3239,-5.358,16.4116
11.9618,6.2713,-5.2608,16.2998
12.0241,6.2187,-5.2476,16.1862
12.0857,6.1653,-5.3518,16.071
12.1467,6.1129,-5.2489,15.9544
12.2075,6.0604,-5.2354,15.8361
12.2674,6.007,-5.3454,15.7162
12.3271,5.955,-5.1948,15.5947
12.386,5.9017,-5.341,15.4718
12.4446,5.8497,-5.1849,15.3474
12.5025,5.7964,-5.3362,15.2214
12.56,5.7446,-5.1748,15.0941
12.6169,5.6914,-5.3313,14.9653
12.6733,5.6397,-5.1644,14.8351
12.7291,5.5865,-5.326,14.7034
12.7846,5.5349,-5.1536,14.5705
12.8393,5.4817,-5.3204,14.4361
12.8937,5.4302,-5.1425,14.3005
12.9474,5.3772,-5.3145,14.1635
13.0008,5.3257,-5.131,14.0253
13.0534,5.2727,-5.3082,13.8857
13.1056,5.2211,-5.1706,13.7452
13.1572,5.169,-5.2072,13.6035
13.2085,5.1174,-5.1492,13.4603
13.2592,5.0645,-5.2943,13.316
13.3093,5.013,-5.1483,13.1708
13.3589,4.9611,-5.1869,13.0244
13.408,4.9093,-5.1816,12.877
13.4565,4.8571,-5.2334,12.7288
13.5046,4.8064,-5.0664,12.5795
13.5522,4.7542,-5.2118,12.4289
13.5991,4.7021,-5.2183,12.2776
13.6456,4.6511,-5.1044,12.1256
13.6916,4.5996,-5.1469,11.9727
13.7371,4.5482,-5.1407,11.8189
13.7821,4.4968,-5.1342,11.6643
13.8266,4.4455,-5.1277,11.5087
13.8704,4.3937,-5.185,11.3527
13.914,4.3436,-4.9974,11.1958
13.9569,4.2914,-5.2257,11.0382
13.9992,4.2404,-5.1125,10.8805
14.0412,4.1906,-4.9715,10.7221
14.0825,4.1386,-5.2088,10.5631
14.1235,4.0889,-4.954,10.4034
14.1637,4.0364,-5.2664,10.2434
14.2037,3.9875,-4.8776,10.0832
14.243,3.9357,-5.1836,9.9225
14.2819,3.8859,-4.9875,9.7616
14.3203,3.8354,-5.0382,9.6003
14.3581,3.7844,-5.1031,9.4389
14.3954,3.7355,-4.8946,9.2774
14.4327,3.717,-1.8478,9.1149
14.4698,3.7132,-0.3728,8.9506
14.5069,3.7095,-0.3782,8.7844
14.5439,3.7063,-0.3177,8.6161
14.5809,3.7018,-0.4537,8.4455
14.6179,3.6985,-0.3275,8.2727
14.6549,3.6945,-0.3984,8.0971
14.6917,3.6891,-0.5426,7.9197
14.7287,3.687,-0.2063,7.7399
14.7655,3.6815,-0.5541,7.5573
14.8022,3.6772,-0.4246,7.3727
14.8389,3.6736,-0.3588,7.1856
14.8756,3.6686,-0.5076,6.996
14.9122,3.6649,-0.37,6.804
14.9489,3.6604,-0.4478,6.609
14.9855,3.6551,-0.5294,6.4114
15.0219,3.6505,-0.4636,6.2116
15.0585,3.6473,-0.3176,6.0087
15.0948,3.6402,-0.7058,5.8031
15.1311,3.6369,-0.3294,5.5953
15.1675,3.6321,-0.489,5.3842
15.2037,3.6263,-0.5766,5.1704
15.24,3.622,-0.425,4.9537
15.2762,3.6169,-0.5111,4.7337
15.3123,3.6109,-0.6015,4.5108
15.3483,3.6056,-0.529,4.2854
15.3843,3.6011,-0.4516,4.057
15.4203,3.5957,-0.5419,3.8251
15.4563,3.5902,-0.5498,3.5896
15.4921,3.5837,-0.6454,3.3511
15.5278,3.578,-0.5689,3.1099
15.5635,3.5732,-0.4872,2.8655
15.5992,3.5673,-0.5825,2.6173
15.6348,3.5605,-0.6827,2.3659
15.6703,3.5554,-0.5096,2.1112
15.7059,3.5493,-0.608,1.8525
15.7413,3.5422,-0.7114,1.5905
15.7767,3.5369,-0.5326,1.325
15.8119,3.5296,-0.7312,1.056
15.8473,3.5251,-0.4511,0.7829
15.8823,3.5156,-0.9466,0.5063
15.9175,3.512,-0.3673,0.2259
15.9525,3.5033,-0.8687,-0.0586
15.9874,3.4965,-0.6822,-0.3463
16.0224,3.4916,-0.4848,-0.6384
16.0573,3.4826,-0.9024,-0.9349
16.0919,3.4755,-0.7095,-1.2347
16.1267,3.4704,-0.5053,-1.5389
16.1613,3.4611,-0.9365,-1.8478
16.1958,3.4537,-0.7368,-2.16
16.2302,3.4474,-0.6348,-2.4763
16.2647,3.4399,-0.7512,-2.7974
16.299,3.4323,-0.7601,-3.1232
16.3332,3.4234,-0.8832,-3.4532
16.3674,3.4168,-0.6659,-3.7875
16.4016,3.4089,-0.7864,-4.1268
16.4355,3.3998,-0.913,-4.4703
16.4695,3.3929,-0.6878,-4.8183
16.5032,3.3836,-0.9325,-5.1707
16.5371,3.3778,-0.5809,-5.5283
16.5706,3.3659,-1.1945,-5.8904
16.6043,3.3611,-0.47,-6.2571
16.6378,3.3503,-1.0902,-6.629
16.6712,3.343,-0.7268,-7.0057
16.7046,3.3344,-0.8568,-7.3877
16.7379,3.3245,-0.9932,-7.7745
16.7711,3.317,-0.7426,-8.1661
16.8041,3.307,-1.0083,-8.5625
16.8371,3.2995,-0.7511,-8.9637
16.87,3.2906,-0.8862,-9.3706
16.9028,3.2803,-1.0275,-9.7824
16.9355,3.2727,-0.761,-10.1991
16.9682,3.2637,-0.8986,-10.6216
17.0007,3.2533,-1.0423,-11.0491
17.0332,3.2456,-0.7664,-11.4816
17.0655,3.2352,-1.0497,-11.9192
17.0977,3.2275,-0.7666,-12.3619
17.13,3.2184,-0.908,-12.8104
17.162,3.2078,-1.0553,-13.2641
17.1941,3.2002,-0.7624,-13.7229
17.226,3.1897,-1.0556,-14.1868
17.2577,3.1806,-0.9071,-14.655
17.2895,3.1746,-0.599,-15.1292
17.3212,3.1626,-1.1989,-15.6094
17.3527,3.1537,-0.8944,-16.0939
17.3842,3.1464,-0.7314,-16.5834
17.4155,3.136,-1.0355,-17.0781
17.4467,3.1273,-0.8732,-17.577
17.4779,3.1203,-0.7029,-18.0809
17.5091,3.1118,-0.8501,-18.5907
17.5401,3.1017,-1.0019,-19.1056
17.571,3.0934,-0.8303,-19.6246
17.6019,3.0869,-0.6512,-20.1485
17.6327,3.0773,-0.9653,-20.6773
17.6634,3.0694,-0.7864,-21.21
17.6939,3.0617,-0.7694,-21.7465
17.7245,3.0559,-0.5808,-22.2878
17.755,3.0469,-0.9003,-22.8337
17.7867,3.1713,12.4183,-23.3094
17.8248,3.8065,63.4737,-23.4203
17.8637,3.8933,8.6917,-23.4814
17.9027,3.8943,0.096,-23.542
17.9416,3.8949,0.0628,-23.6022
17.9806,3.8959,0.1037,-23.6619
18.0195,3.8966,0.0719,-23.721
18.0585,3.8978,0.1121,-23.7796
18.0975,3.8987,0.0987,-23.8377
18.1365,3.8996,0.0869,-23.8952
18.1755,3.9009,0.126,-23.952
18.2145,3.9019,0.0978,-24.0082
18.2535,3.9032,0.1364,-24.0636
18.2926,3.9045,0.1253,-24.1184
18.3317,3.9058,0.1313,-24.1724
18.3707,3.907,0.1227,-24.2256
18.4098,3.9086,0.1597,-24.278
18.4489,3.9101,0.1509,-24.3295
18.4881,3.9117,0.158,-24.3801
18.5271,3.9132,0.1518,-24.4298
18.5663,3.9152,0.2004,-24.4784
18.6055,3.9168,0.1545,-24.5261
18.6446,3.9188,0.203,-24.5725
18.6839,3.9209,0.2101,-24.618
18.7231,3.9227,0.1831,-24.6622
18.7623,3.925,0.2293,-24.7051
18.8016,3.9274,0.2375,-24.7468
18.8409,3.9296,0.2156,-24.7871
18.8802,3.9322,0.2691,-24.8259
18.9196,3.9347,0.2491,-24.8633
18.959,3.9375,0.2716,-24.8992
18.9983,3.9403,0.2841,-24.9334
19.0378,3.9433,0.305,-24.9659
19.0772,3.9463,0.2949,-24.9966
19.1168,3.9498,0.3469,-25.0254
19.1562,3.9529,0.3188,-25.0523
19.1958,3.9566,0.3689,-25.0772
19.2354,3.9603,0.371,-25.0999
19.2751,3.9642,0.3841,-25.1204
19.3148,3.9683,0.4121,-25.1386
19.3545,3.9725,0.4228,-25.1543
19.3942,3.977,0.4502,-25.1675
19.4341,3.9817,0.467,-25.1779
19.4739,3.9866,0.4884,-25.1856
19.5139,3.9918,0.5152,-25.1904
19.5538,3.9971,0.5363,-25.192
19.5938,4.0028,0.5642,-25.1904
19.6339,4.0087,0.5907,-25.1855
19.674,4.0148,0.6196,-25.177
19.7143,4.0213,0.6461,-25.1647
19.7545,4.0282,0.6892,-25.1486
19.7949,4.0353,0.7073,-25.1284
19.8353,4.0428,0.7559,-25.1038
19.8759,4.0507,0.7822,-25.0748
19.9165,4.059,0.8358,-25.041
19.9571,4.0677,0.8725,-25.0022
19.9979,4.0768,0.9066,-24.9582
20.0387,4.0864,0.9618,-24.9087
20.0797,4.0966,1.0123,-24.8533
20.1208,4.1072,1.0658,-24.7918
20.162,4.1186,1.1383,-24.724
20.2033,4.1301,1.1527,-24.6494
20.2447,4.1427,1.2616,-24.5675
20.2863,4.1559,1.3153,-24.4782
20.3279,4.1698,1.3879,-24.3811
20.3698,4.1842,1.4424,-24.2755
20.4118,4.1996,1.5431,-24.161
20.454,4.2162,1.6569,-24.0372
20.4963,4.2332,1.7014,-23.9037
20.5388,4.2514,1.8242,-23.7596
20.5815,4.2718,2.0329,-23.6045
20.6248,4.327,5.5218,-23.4369
20.6688,4.4026,7.5635,-23.2548
20.7136,4.4804,7.7759,-23.0568
20.7592,4.5609,8.0546,-22.8414
20.8057,4.6437,8.2791,-22.607
20.853,4.7299,8.6135,-22.352
20.9009,4.7883,5.8427,-22.0754
20.9486,4.7759,-1.2409,-21.7792
20.9962,4.7576,-1.8285,-21.4647
21.0436,4.7405,-1.7118,-21.1312
21.0908,4.7252,-1.5375,-20.7784
21.138,4.7093,-1.5848,-20.4053
21.1849,4.697,-1.2317,-20.011
21.2317,4.6848,-1.2225,-19.5955
21.2785,4.6724,-1.2377,-19.1574
21.3251,4.6647,-0.771,-18.6962
21.3716,4.6546,-1.0043,-18.2116
21.4182,4.6472,-0.7464,-17.702
21.4645,4.6425,-0.4636,-17.1675
21.5109,4.6356,-0.6882,-16.6073
21.5572,4.6333,-0.2383,-16.0207
21.6035,4.6291,-0.4143,-15.4076
21.6498,4.6267,-0.2433,-14.7668
21.6961,4.626,-0.068,-14.0982
21.7423,4.6238,-0.2233,-13.4012
21.7886,4.6252,0.1472,-12.676
21.8348,4.6235,-0.1711,-11.9229
21.881,4.6229,-0.066,-11.1408
21.9273,4.6232,0.033,-10.3303
21.9735,4.6217,-0.147,-9.4919
22.0197,4.6208,-0.0954,-8.6265
22.0658,4.6158,-0.4937,-7.7344
22.1119,4.6122,-0.3637,-6.8157
22.158,4.6052,-0.6961,-5.8719
22.204,4.5976,-0.7646,-4.9043
22.2498,4.5858,-1.1808,-3.9149
22.2956,4.571,-1.4803,-2.9044
22.3411,4.5567,-1.4248,-1.8751
22.3866,4.5411,-1.5651,-0.8282
22.4318,4.5311,-0.9997,0.235
22.477,4.5175,-1.3572,1.3141
22.5221,4.5092,-0.8284,2.4097
22.5672,4.5044,-0.4806,3.5194
22.6121,4.4971,-0.7306,4.6415
22.657,4.4929,-0.4208,5.7757
22.7019,4.4877,-0.5211,6.9213
22.7468,4.4854,-0.2324,8.0779
22.7917,4.4838,-0.1535,9.2438
22.8365,4.4851,0.1266,10.416
22.8812,4.4806,-0.4498,11.594
22.9261,4.4808,0.0194,12.7784
22.9709,4.4814,0.0642,13.9674
23.0158,4.4825,0.1039,15.1592
23.0606,4.4839,0.1403,16.3519
23.1054,4.4856,0.1747,17.5437
23.1503,4.4855,-0.0082,18.7341
23.1951,4.488,0.2443,19.9224
23.2401,4.4887,0.0687,21.1082
23.285,4.4962,0.7562,22.2885
23.33,4.4957,-0.0533,23.4615
23.375,4.5,0.4328,24.628
23.42,4.5071,0.706,25.7853
23.4651,4.5086,0.1537,26.9329
23.5103,4.5172,0.8631,28.0704
23.5555,4.5227,0.55,29.1965
23.6008,4.5334,1.0631,30.3097
23.6462,4.5412,0.7867,31.4086
23.6918,4.5506,0.934,32.4944
23.7374,4.5672,1.6602,33.5645
23.7832,4.5779,1.0703,34.618
23.8292,4.5943,1.6379,35.6558
23.8753,4.6144,2.0129,36.676
23.9216,4.6294,1.5035,37.6786
23.9681,4.6506,2.1248,38.6618
24.0147,4.661,1.036,39.624
24.0615,4.6744,1.3394,40.5656
24.1083,4.686,1.161,41.4843
24.1553,4.6931,0.7137,42.3798
24.2023,4.7037,1.0605,43.2511
24.2494,4.7091,0.5354,44.0975
24.2965,4.7168,0.7745,44.9189
24.3438,4.7216,0.4721,45.7157
24.3911,4.729,0.7399,46.4881
24.4384,4.7364,0.7462,47.2349
24.4858,4.7417,0.5283,47.9566
24.5334,4.7488,0.7073,48.6545
24.5809,4.7576,0.8839,49.3283
24.6286,4.766,0.839,49.978
24.6763,4.7752,0.9233,50.6042
24.7242,4.7854,1.0151,51.2076
24.7722,4.7965,1.1129,51.7889
24.8203,4.8087,1.2154,52.3488
24.8684,4.8228,1.4136,52.8873
24.9168,4.8362,1.3352,53.4051
24.9653,4.8515,1.5389,53.9036
25.014,4.8689,1.7323,54.3828
25.0629,4.8856,1.6746,54.8434
25.112,4.9043,1.8682,55.2865
25.1611,4.9256,2.1266,55.7119
25.2106,4.9449,1.931,56.1202
25.2603,4.9667,2.1868,56.5128
25.3102,4.9903,2.3564,56.8901
25.3603,5.0142,2.3861,57.252
25.4107,5.0384,2.42,57.5997
25.4614,5.0648,2.6403,57.9335
25.5123,5.0909,2.6101,58.2541
25.5634,5.1196,2.8732,58.5617
25.6149,5.1469,2.7317,58.8567
25.6667,5.1762,2.9265,59.1401
25.7188,5.2068,3.0575,59.4123
25.7712,5.2376,3.0823,59.6732
25.8237,5.2579,2.0341,59.9231
25.8757,5.2001,-5.7797,60.1607
25.927,5.1264,-7.3599,60.3848
25.9776,5.0537,-7.2744,60.5956
26.0274,4.9822,-7.1465,60.7943
26.0765,4.9126,-6.9596,60.9817
26.1249,4.8444,-6.8268,61.1584
26.1727,4.7771,-6.7329,61.3253
26.2198,4.7112,-6.5841,61.4832
26.2663,4.6461,-6.5067,61.6326
26.3121,4.5829,-6.33,61.774
26.3573,4.5191,-6.3799,61.9079
26.4019,4.4572,-6.1803,62.0349
26.4459,4.3958,-6.1383,62.1554
26.4892,4.3351,-6.0705,62.2697
26.5319,4.2751,-6.008,62.378
26.5741,4.2152,-5.9858,62.481
26.6157,4.1565,-5.8589,62.5791
26.6566,4.0984,-5.8197,62.6723
26.697,4.0401,-5.8308,62.7608
26.7368,3.983,-5.7218,62.8451
26.7761,3.9257,-5.7204,62.9254
26.8148,3.8691,-5.6588,63.0019
26.8529,3.8131,-5.6116,63.0748
26.8905,3.7567,-5.6252,63.1443
26.9276,3.7012,-5.5394,63.2107
26.964,3.6462,-5.5225,63.2739
26.9998,3.5908,-5.5366,63.3341
27.0353,3.536,-5.4704,63.3917
27.0701,3.4817,-5.4388,63.4467
27.1044,3.4272,-5.4442,63.4992
27.1382,3.373,-5.4046,63.5495
27.1713,3.3193,-5.3791,63.5974
27.2039,3.2655,-5.3853,63.6432
27.236,3.2121,-5.3507,63.6869
27.2677,3.1585,-5.3391,63.7288
27.2987,3.1057,-5.2992,63.7689
27.3292,3.0524,-5.3252,63.8072
27.3592,2.9996,-5.2768,63.8439
27.3888,2.9467,-5.2821,63.879
27.4177,2.8941,-5.2532,63.9126
27.4461,2.8416,-5.2575,63.9447
27.4739,2.7892,-5.2477,63.9754
27.5014,2.7368,-5.2231,64.0049
27.5282,2.6848,-5.2144,64.0331
27.5545,2.6326,-5.2186,64.06
27.5803,2.5806,-5.1966,64.0859
27.6056,2.5287,-5.1886,64.1106
27.6304,2.4768,-5.181,64.1344
27.6546,2.4252,-5.1778,64.157
27.6784,2.3733,-5.1758,64.1787
27.7015,2.322,-5.1541,64.1995
27.7242,2.2703,-5.1621,64.2194
27.7465,2.2189,-5.1382,64.2385
27.7681,2.1674,-5.1447,64.2568
27.7892,2.1161,-5.14,64.2742
27.81,2.0647,-5.1272,64.291
27.8301,2.0134,-5.1197,64.307
27.8497,1.9621,-5.1267,64.3224
27.8688,1.9111,-5.1233,64.337
27.8874,1.8599,-5.1089,64.351
27.9055,1.809,-5.1061,64.3644
27.9231,1.7578,-5.1008,64.3772
27.9402,1.7068,-5.1003,64.3894
27.9568,1.6557,-5.0935,64.4011
27.9728,1.6048,-5.0955,64.4123
27.9884,1.5538,-5.0871,64.4229
28.0034,1.503,-5.0917,64.4331
28.0179,1.4521,-5.0815,64.4427
28.0319,1.4014,-5.089,64.4519
28.0454,1.3507,-5.0769,64.4606
28.0584,1.2999,-5.0648,64.4689
28.0708,1.2493,-5.0858,64.4768
28.083,1.1983,-5.0447,64.4843
28.0943,1.1478,-5.1019,64.4915
28.1054,1.097,-5.0472,64.4981
28.1158,1.0464,-5.0757,64.5045
28.1257,0.9958,-5.0624,64.5105
28.1352,0.9451,-5.0515,64.5161
28.1442,0.8943,-5.0488,64.5214
28.1526,0.8437,-5.0873,64.5264
28.1605,0.7933,-5.0573,64.531
28.1671,0.6627,-13.0986,64.4889
28.2041,3.6966,303.6827,61.9526
28.2633,5.9262,223.0679,58.1219
28.3196,5.6187,-30.6788,54.4373
28.3726,5.3098,-30.9309,50.9206
28.4221,4.9373,-37.1642,47.5793
28.4679,4.5925,-34.5825,44.4231
28.5098,4.1821,-41.0009,41.4621
28.5477,3.7922,-39.0067,38.7
28.5815,3.3821,-40.9666,36.1399
28.6115,2.9934,-38.8383,33.7748
28.6377,2.6229,-37.1216,31.5995
28.6603,2.2596,-36.2967,29.5975
28.6797,1.9352,-32.4093,27.7534
28.696,1.6344,-30.1692,26.0595
28.7094,1.3389,-29.4819,24.4976
28.7203,1.0883,-25.0795,23.055
28.7287,0.8415,-24.6545,21.7229
28.7349,0.6231,-21.8634,20.4904
28.739,0.4124,-21.0631,19.3478
28.7413,0.2253,-18.7448,18.2864
28.7417,0.0453,-17.9949,17.2986
28.743,0.124,7.8556,16.3755
28.7457,0.2759,15.1939,15.5134
28.75,0.4249,14.889,14.7066
28.7556,0.5594,13.4713,13.9505
28.7625,0.692,13.2569,13.2405
28.7707,0.8151,12.289,12.5714
28.7799,0.9297,11.4778,11.9413
28.7904,1.0435,11.3854,11.347
28.8019,1.1501,10.6525,10.7845
28.8144,1.2524,10.2125,10.2515
28.8279,1.3487,9.65,9.7468
28.8423,1.4451,9.6533,9.2683
28.8577,1.5364,9.132,8.8131
28.8739,1.6248,8.8374,8.3797
28.8911,1.7106,8.5694,7.9665
28.909,1.7939,8.3252,7.5723
28.9277,1.8735,7.9797,7.1966
28.9473,1.9553,8.1611,6.8373
28.9675,2.0297,7.4614,6.4936
28.9887,2.1077,7.7811,6.1643
29.0104,2.1791,7.1553,5.8488
29.033,2.2539,7.4597,5.546
29.0562,2.3227,6.8969,5.2554
29.0802,2.3947,7.1862,4.9761
29.1048,2.4625,6.7635,4.7071
29.1301,2.5291,6.6843,4.4488
29.1561,2.5977,6.8474,4.2002
29.1827,2.6626,6.4827,3.9601
29.2099,2.7266,6.4223,3.7292
29.2378,2.7923,6.576,3.5065
29.2665,2.8558,6.3245,3.2906
29.2956,2.9171,6.1296,3.0822
29.3254,2.9799,6.2938,2.8812
29.3559,3.0422,6.2129,2.6866
29.3868,3.1017,5.9666,2.4984
29.4185,3.1635,6.1742,2.3162
29.4507,3.2228,5.9283,2.1395
29.4835,3.2823,5.9528,1.9684
29.5169,3.3413,5.9099,1.8026
29.551,3.4006,5.9165,1.6416
29.5856,3.4584,5.7702,1.4851
29.6208,3.5163,5.7959,1.3333
29.6565,3.5739,5.7622,1.186
29.6927,3.6311,5.7304,1.043
29.7297,3.6886,5.7395,0.9038
29.767,3.7443,5.5807,0.7686
29.8052,3.8022,5.7691,0.6369
29.8437,3.8569,5.4846,0.5086
29.8827,3.9133,5.6446,0.384
29.9224,3.9694,5.6057,0.2627
29.9627,4.0244,5.5053,0.1443
30.0036,4.0802,5.5612,0.0288
30.0448,4.1344,5.4379,-0.0836
30.0867,4.19,5.5637,-0.193
30.1291,4.2443,5.4337,-0.2999
30.1722,4.2993,5.4847,-0.4043
30.2158,4.3534,5.4032,-0.5062
30.2599,4.4076,5.427,-0.6056
30.3044,4.4616,5.4125,-0.7026
30.3496,4.5159,5.4217,-0.7973
30.3953,4.5694,5.35,-0.8899
30.4414,4.6231,5.3728,-0.9803
30.4883,4.6769,5.3815,-1.0687
30.5356,4.7301,5.3163,-1.1552
30.5835,4.7838,5.3574,-1.2399
30.6317,4.8364,5.2773,-1.3225
30.6806,4.8901,5.3663,-1.4033
30.7302,4.9431,5.2953,-1.4825
30.7802,4.9959,5.2694,-1.5601
30.8306,5.0487,5.2896,-1.6359
30.8815,5.1014,5.2811,-1.7101
30.9331,5.1544,5.2881,-1.7827
30.9851,5.2067,5.2384,-1.8539
31.0378,5.2595,5.2716,-1.9237
31.0909,5.3117,5.2249,-1.9921
31.1445,5.3641,5.2434,-2.059
31.1987,5.4166,5.2493,-2.1246
31.2533,5.4686,5.2064,-2.189
31.3086,5.5211,5.2358,-2.2521
31.3643,5.573,5.1954,-2.314
31.4207,5.6254,5.2232,-2.3748
31.4773,5.6769,5.1745,-2.4343
31.5347,5.7295,5.2429,-2.4927
31.5924,5.7808,5.1448,-2.55
31.6507,5.833,5.2215,-2.6061
31.7096,5.8848,5.1755,-2.6613
31.769,5.9365,5.1626,-2.7155
31.829,5.9884,5.186,-2.7688
31.8892,6.0397,5.1467,-2.821
31.9503,6.0919,5.2029,-2.8722
32.0117,6.1432,5.1292,-2.9226
32.0736,6.1948,5.1617,-2.9721
32.1361,6.2465,5.1645,-3.0207
32.1991,6.2978,5.1373,-3.0684
32.2626,6.3494,5.1569,-3.1153
32.3266,6.4007,5.1311,-3.1613
32.3909,6.452,5.1444,-3.2065
32.4562,6.5037,5.1513,-3.251
32.5216,6.5546,5.1023,-3.2948
32.5876,6.6061,5.1553,-3.3377
32.6542,6.6574,5.1219,-3.38
32.7213,6.7085,5.1151,-3.4215
32.789,6.7599,5.131,-3.4624
32.857,6.8109,5.1105,-3.5026
32.9257,6.8622,5.1255,-3.5421
32.9947,6.9132,5.1061,-3.5809
33.0644,6.9645,5.1203,-3.6191
33.1345,7.0154,5.102,-3.6566
33.2052,7.0666,5.1155,-3.6936
33.2765,7.1177,5.1005,-3.73
33.3482,7.1686,5.0965,-3.7658
33.4202,7.2196,5.1069,-3.8009
33.4932,7.2708,5.1083,-3.8355
33.5662,7.3215,5.078,-3.8696
33.6401,7.3728,5.1155,-3.9031
33.7143,7.4236,5.077,-3.9361
33.7889,7.4744,5.0978,-3.9686
33.8642,7.5254,5.097,-4.0004
33.94,7.5763,5.0846,-4.0319
34.0162,7.6271,5.0826,-4.0628
34.093,7.678,5.0919,-4.0932
34.1704,7.7289,5.0802,-4.1232
34.2481,7.7796,5.0788,-4.1527
34.3265,7.8305,5.0873,-4.1817
34.4052,7.8812,5.0764,-4.2103
34.4845,7.9317,5.0479,-4.2383
34.5641,7.9518,2.0156,-4.266
34.6437,7.9528,0.0957,-4.293
34.7233,7.9538,0.1017,-4.3195
34.8026,7.9547,0.0904,-4.3454
34.8822,7.9558,0.1127,-4.3707
34.9617,7.9567,0.0848,-4.3955
35.0413,7.9576,0.0906,-4.4198
35.1211,7.9586,0.0959,-4.4436
35.2005,7.9593,0.0702,-4.4669
35.2803,7.9602,0.0988,-4.4897
35.3599,7.961,0.0736,-4.5121
35.4395,7.9618,0.0792,-4.534
35.5191,7.9625,0.0772,-4.5554
35.5985,7.9633,0.0753,-4.5764
35.6782,7.9641,0.0803,-4.597
35.7578,7.9647,0.0645,-4.6172
35.8376,7.9655,0.0765,-4.637
35.9174,7.9661,0.0614,-4.6564
35.997,7.9668,0.0667,-4.6754
36.0765,7.9674,0.0651,-4.694
36.1562,7.9681,0.0698,-4.7123
36.2359,7.9687,0.0558,-4.7302
36.3156,7.9694,0.0668,-4.7478
36.3953,7.9699,0.0534,-4.765
36.4752,7.9705,0.064,-4.7819
36.5549,7.9711,0.0511,-4.7985
36.6344,7.9716,0.0559,-4.8147
36.7142,7.9722,0.0602,-4.8306
36.7941,7.9728,0.0533,-4.8463
36.8738,7.9732,0.047,-4.8616
36.9534,7.9737,0.0515,-4.8767
37.0332,7.9743,0.0556,-4.8914
37.1131,7.9748,0.0493,-4.9059
37.1928,7.9752,0.0435,-4.9201
37.2723,7.9757,0.0478,-4.9339
37.3523,7.9763,0.0564,-4.9476
37.4318,7.9766,0.0315,-4.961
37.5118,7.9772,0.0593,-4.9741
37.5915,7.9775,0.035,-4.987
37.6714,7.978,0.0482,-4.9996
37.751,7.9784,0.0384,-5.0119
37.8308,7.9789,0.0466,-5.0241
37.9107,7.9793,0.0414,-5.036
37.9904,7.9796,0.0366,-5.0476
38.0702,7.9801,0.0444,-5.059
38.1501,7.9805,0.0395,-5.0702
38.2298,7.9808,0.0351,-5.0812
38.3095,7.9812,0.0424,-5.0919
38.3894,7.9816,0.0378,-5.1025
38.4693,7.982,0.0373,-5.1128
38.5491,7.9823,0.0332,-5.1229
38.6288,7.9827,0.04,-5.1328
38.7087,7.9831,0.0358,-5.1425
38.7887,7.9834,0.0354,-5.152
38.8684,7.9838,0.0316,-5.1613
38.9481,7.9841,0.038,-5.1704
39.028,7.9845,0.0341,-5.1793
39.1079,7.9848,0.0337,-5.188
39.1879,7.9851,0.0333,-5.1965
39.2676,7.9854,0.03,-5.2048
39.3476,7.9858,0.0386,-5.213
39.4275,7.9861,0.0264,-5.2209
39.5073,7.9864,0.0349,-5.2287
39.5872,7.9868,0.0317,-5.2363
39.6672,7.9871,0.0314,-5.2437
39.7468,7.9874,0.0285,-5.2509
39.8269,7.9877,0.036,-5.2579
39.9066,7.988,0.0254,-5.2648
39.9867,7.9883,0.0353,-5.2715
40.0665,7.9886,0.0252,-5.278
40.1463,7.9889,0.0323,-5.2844
40.2262,7.9892,0.0296,-5.2906
40.3061,7.9895,0.0294,-5.2966
40.3859,7.9898,0.0292,-5.3024
40.4659,7.9901,0.0291,-5.3081
40.5458,7.9904,0.0289,-5.3137
40.6257,7.9907,0.0287,-5.319
40.7056,7.9909,0.0286,-5.3242
40.7856,7.9912,0.0284,-5.3292
40.8655,7.9915,0.0283,-5.3341
40.9455,7.9918,0.0282,-5.3388
41.0254,7.9921,0.0281,-5.3433
41.1054,7.9924,0.028,-5.3477
41.1853,7.9926,0.0279,-5.3519
41.2652,7.9929,0.0278,-5.356
41.3451,7.9932,0.0278,-5.3599
41.425,7.9935,0.0277,-5.3637
41.5048,7.9937,0.0276,-5.3672
41.5847,7.994,0.0276,-5.3707
41.6648,7.9943,0.0287,-5.3739
41.7446,7.9946,0.0252,-5.377
41.8247,7.9949,0.0297,-5.38
41.9047,7.9951,0.0264,-5.3828
41.9844,7.9954,0.0267,-5.3854
42.0644,7.9957,0.0294,-5.3879
42.1446,7.996,0.0274,-5.3902
42.2245,7.9962,0.026,-5.3924
42.3043,7.9965,0.0285,-5.3944
42.3844,7.9968,0.0284,-5.3963
42.4645,7.9971,0.0271,-5.3979
42.5445,7.9973,0.0279,-5.3995
42.6244,7.9976,0.028,-5.4008
42.7042,7.9979,0.0281,-5.402
42.7844,7.9982,0.0285,-5.4031
42.8641,7.9985,0.0277,-5.404
42.9441,7.9987,0.0291,-5.4047
43.0243,7.999,0.0285,-5.4052
43.1041,7.9993,0.0285,-5.4056
43.1842,7.9996,0.0292,-5.4059
43.2642,7.9999,0.0291,-5.4059
43.3441,8.0002,0.0294,-5.4058
43.4242,8.0005,0.0294,-5.4055
43.5042,8.0008,0.0299,-5.4051
43.5842,8.0011,0.0301,-5.4044
43.6643,8.0014,0.03,-5.4036
43.7444,8.0017,0.0308,-5.4027
43.8243,8.002,0.0309,-5.4015
43.9041,8.0023,0.0312,-5.4002
43.9842,8.0026,0.0309,-5.3987
44.0644,8.0029,0.0316,-5.397
44.1445,8.0033,0.0327,-5.3951
44.2245,8.0036,0.0325,-5.3931
44.3044,8.0039,0.0329,-5.3908
44.3844,8.0042,0.0323,-5.3884
44.4647,8.0046,0.0335,-5.3858
44.5444,8.0049,0.0362,-5.3829
44.6247,8.0053,0.0313,-5.3799
44.7048,8.0056,0.0371,-5.3767
44.7848,8.006,0.0356,-5.3733
44.8649,8.0063,0.0347,-5.3696
44.9449,8.0067,0.0379,-5.3658
45.025,8.0071,0.0357,-5.3617
45.105,8.0075,0.0392,-5.3575
45.1851,8.0078,0.0368,-5.353
45.2653,8.0082,0.0388,-5.3483
45.3454,8.0086,0.0413,-5.3433
45.4252,8.009,0.0404,-5.3382
45.5056,8.0094,0.0372,-5.3328
45.5857,8.0099,0.0456,-5.3271
45.6656,8.0103,0.0427,-5.3212
45.7456,8.0107,0.0413,-5.3151
45.8258,8.0111,0.0442,-5.3087
45.906,8.0116,0.0451,-5.3021
45.986,8.0121,0.0485,-5.2952
46.0661,8.0125,0.0447,-5.288
46.1463,8.013,0.048,-5.2805
46.2266,8.0135,0.0491,-5.2728
46.3066,8.014,0.053,-5.2648
46.3867,8.0045,-0.9534,-5.2565
46.4662,7.9584,-4.6155,-5.2479
46.5455,7.9087,-4.9517,-5.239
46.6239,7.8592,-4.9616,-5.2299
46.702,7.8096,-4.9544,-5.2206
46.7796,7.7601,-4.9545,-5.211
46.8567,7.7106,-4.9573,-5.2012
46.9335,7.6609,-4.9508,-5.1911
47.0094,7.6115,-4.9595,-5.1807
47.085,7.5619,-4.9539,-5.1701
47.1601,7.5124,-4.9525,-5.1592
47.2349,7.4628,-4.9498,-5.148
47.3089,7.4133,-4.9574,-5.1366
47.3826,7.3638,-4.9532,-5.1249
47.4557,7.3143,-4.9506,-5.1129
47.5285,7.2647,-4.9486,-5.1007
47.6005,7.2152,-4.9551,-5.0882
47.6722,7.1657,-4.9523,-5.0754
47.7433,7.1162,-4.9484,-5.0623
47.8139,7.0668,-4.9524,-5.0489
47.8842,7.0172,-4.9467,-5.0353
47.9539,6.9677,-4.9466,-5.0213
48.023,6.9183,-4.9509,-5.007
48.0919,6.8687,-4.9454,-4.9925
48.1599,6.8193,-4.9494,-4.9776
48.2276,6.7698,-4.9498,-4.9625
48.2948,6.7204,-4.9432,-4.947
48.3616,6.6709,-4.9434,-4.9312
48.4279,6.6214,-4.9416,-4.9151
48.4936,6.572,-4.9466,-4.8987
48.5587,6.5226,-4.946,-4.8819
48.6236,6.4731,-4.9412,-4.8649
48.6876,6.4238,-4.9423,-4.8475
48.7516,6.3742,-4.9425,-4.8297
48.8147,6.325,-4.9338,-4.8116
48.8775,6.2754,-4.9453,-4.7932
48.9398,6.2261,-4.9347,-4.7744
49.0015,6.1767,-4.9406,-4.7552
49.0627,6.1274,-4.9398,-4.7358
49.1235,6.078,-4.9358,-4.7159
49.1838,6.0287,-4.9306,-4.6957
49.2437,5.9793,-4.9343,-4.675
49.3029,5.9301,-4.9311,-4.654
49.3617,5.8806,-4.9406,-4.6327
49.42,5.8314,-4.9261,-4.6109
49.478,5.782,-4.9309,-4.5887
49.5351,5.7329,-4.9258,-4.5661
49.592,5.6835,-4.9378,-4.5432
49.6483,5.6343,-4.9212,-4.5198
49.7043,5.5849,-4.9273,-4.4959
49.7595,5.5358,-4.92,-4.4717
49.8143,5.4865,-4.9348,-4.447
49.8689,5.4372,-4.9147,-4.4219
49.9227,5.3881,-4.9153,-4.3963
49.9762,5.3387,-4.9322,-4.3702
50.0291,5.2896,-4.9115,-4.3437
50.0815,5.2404,-4.9204,-4.3168
50.1333,5.1913,-4.9191,-4.2893
50.1848,5.142,-4.9178,-4.2614
50.2355,5.0931,-4.905,-4.233
50.286,5.0439,-4.9269,-4.2042
50.3361,4.9947,-4.9027,-4.1747
50.3855,4.9458,-4.8994,-4.1447
50.4345,4.8964,-4.9239,-4.1143
50.483,4.8474,-4.8969,-4.0832
50.5308,4.7986,-4.906,-4.0517
50.5785,4.7492,-4.9225,-4.0197
50.6254,4.7005,-4.8762,-3.987
50.6719,4.6514,-4.9165,-3.9538
50.718,4.6023,-4.9039,-3.9201
50.7636,4.5534,-4.8857,-3.8856
50.8086,4.5043,-4.8981,-3.8506
50.8532,4.4554,-4.8964,-3.8151
50.8972,4.4065,-4.8947,-3.7789
50.9408,4.3576,-4.893,-3.7422
50.9838,4.3087,-4.8913,-3.7048
51.0265,4.2596,-4.8941,-3.6667
51.0685,4.2111,-4.8667,-3.628
51.1101,4.1622,-4.9028,-3.5887
51.1513,4.1131,-4.8898,-3.5487
51.192,4.0644,-4.8653,-3.5079
51.2321,4.0158,-4.8746,-3.4665
51.2718,3.9666,-4.9037,-3.4245
51.3109,3.9182,-4.8519,-3.3817
51.3497,3.8691,-4.9018,-3.3382
51.3878,3.8207,-4.8469,-3.294
51.4256,3.7716,-4.9,-3.2491
51.4628,3.7232,-4.842,-3.2034
51.4995,3.6744,-4.8898,-3.157
51.5358,3.6257,-4.8675,-3.1099
51.5716,3.577,-4.866,-3.062
51.6069,3.5283,-4.8645,-3.0132
51.6416,3.48,-4.8525,-2.9638
51.676,3.4308,-4.8957,-2.9136
51.7098,3.3826,-4.8256,-2.8625
51.7432,3.3338,-4.8835,-2.8107
51.7759,3.2855,-4.8459,-2.7581
51.8084,3.2363,-4.8954,-2.7047
51.8403,3.1881,-4.8177,-2.6504
51.8716,3.1396,-4.8685,-2.5955
51.9026,3.0904,-4.8967,-2.5396
51.9329,3.0427,-4.7976,-2.483
51.9629,2.9932,-4.9269,-2.4256
51.9924,2.9451,-4.8107,-2.3673
52.0213,2.8965,-4.8686,-2.3083
52.0498,2.8476,-4.8865,-2.2486
52.0778,2.7993,-4.8394,-2.188
52.1053,2.7502,-4.8898,-2.1266
52.1324,2.7018,-4.841,-2.0645
52.1589,2.6531,-4.8751,-2.0017
52.1848,2.6045,-4.8775,-1.9382
52.2104,2.5554,-4.901,-1.874
52.2355,2.5069,-4.8482,-1.809
52.2601,2.4581,-4.8869,-1.7433
52.2841,2.4092,-4.8911,-1.6771
52.3077,2.3603,-4.8957,-1.6103
52.331,2.3108,-4.9245,-1.5426
52.3536,2.2624,-4.8426,-1.4745
52.3757,2.2128,-4.9532,-1.406
52.3972,2.1642,-4.8938,-1.3372
52.4184,2.114,-4.9964,-1.268
52.439,2.0655,-4.8658,-1.1982
52.4592,2.0156,-4.9892,-1.1283
52.4789,1.9659,-4.955,-1.0579
52.4981,1.9166,-4.9364,-0.9874
52.5168,1.8662,-5.0237,-0.9169
52.5349,1.8166,-4.9589,-0.8462
52.5526,1.7666,-5.0202,-0.7759
52.5698,1.7158,-5.0661,-0.7056
52.5864,1.6657,-4.999,-0.6354
52.6026,1.6151,-5.0657,-0.5657
52.6182,1.5644,-5.0827,-0.4965
52.6333,1.5135,-5.1005,-0.4279
52.6479,1.4624,-5.119,-0.36
52.662,1.411,-5.1382,-0.2928
52.6756,1.3594,-5.158,-0.2264
52.6887,1.3074,-5.1783,-0.1609
52.7012,1.2559,-5.1648,-0.0967
52.7133,1.2031,-5.2816,-0.0339
52.7249,1.1503,-5.2429,0.0277
52.7359,1.0979,-5.2312,0.0878
52.7463,1.045,-5.3175,0.1458
52.7562,0.991,-5.3742,0.202
52.7656,0.9379,-5.3003,0.2563
52.7744,0.8842,-5.3892,0.3083
52.7827,0.8303,-5.4135,0.3579
52.7905,0.7752,-5.4618,0.4053
52.7977,0.722,-5.3626,0.45
52.8044,0.6657,-5.569,0.492
52.8105,0.612,-5.4085,0.5312
52.816,0.5564,-5.592,0.567
52.8211,0.4997,-5.5387,0.6003
52.8255,0.4465,-5.468,0.6301
52.8294,0.3888,-5.7082,0.6563
52.8328,0.3325,-5.4895,0.6798
52.8356,0.2765,-5.6022,0.6995
52.8378,0.2189,-5.6415,0.7156
52.8394,0.1637,-5.6777,0.7279
52.8405,0.1075,-5.6674,0.7364
52.841,0.0404,-4.9486,0.7415